<?xml version='1.0' encoding='utf-8'?>
<addon id="repository.fc" name="FC Repository" version="0.1" provider-name="seraph91p">
    <extension point="xbmc.addon.repository" name="FC Repository">
        
        <dir>
            <info compressed="false">https://raw.githubusercontent.com/Serph91P/repository.seraph91p/main/kodi19/addons.xml</info>
            <checksum>https://raw.githubusercontent.com/Serph91P/repository.seraph91p/main/kodi19/addons.xml.md5</checksum>
            <datadir zip="true">https://github.com/Serph91P/repository.seraph91p/tree/main/kodi19</datadir>
        </dir>

    </extension>
    <extension point="xbmc.addon.metadata">
        <summary>FC Repository</summary>
        <description>FC Repository</description>
        <disclaimer />
        <platform>all</platform>
        <assets>
            <icon>icon.png</icon>
        </assets>
    </extension>
</addon>