<?xml version="1.0" encoding="UTF-8" standalone="yes"?>
<addon id="repository.fc" name="FC Repository" version="1.0" provider-name="Serph91P">
    <extension point="xbmc.addon.repository" name="FC Repository">
        <dir>
            <info compressed="false">https://dirty.seedhost.eu/engraved8737/repo/repository.seraph91p/addon.xml</info>
            <checksum>https://dirty.seedhost.eu/engraved8737/repo/repository.seraph91p/addon.xml.md5</checksum>
            <datadir zip="true">https://dirty.seedhost.eu/engraved8737/repo/zips/</datadir>
        </dir>
    </extension>
    
    <extension point="xbmc.service" library="startup.py" start="startup" />
    
    <extension point="xbmc.addon.metadata">
        <summary lang="en">FC Repository</summary>
        <description lang="en">An easy repository for official addons.</description>
        <disclaimer></disclaimer>
        <platform>all</platform>
        <assets>
            <icon>icon.png</icon>
        </assets>
    </extension>
</addon>
